miRNA	baseMean	log2FoldChange	lfcSE	stat	pvalue	padj	foldChange	absFoldChange	regulation	val.sig.up	val.sig.down	val.nsig.up	val.nsig.down	pred.sig.up	pred.sig.down	pred.nsig.up	pred.nsig.down	val.sig.up.freq	val.sig.down.freq	val.nsig.up.freq	val.nsig.down.freq	pred.sig.up.freq	pred.sig.down.freq	pred.nsig.up.freq	pred.nsig.down.freq
mmu-miR-434-5p	937.286333529234	-0.944377402708152	0.254095773671315	-3.71661987550311	0.000201905865435869	0.0752099348748611	0.519653760656235	1.92435824718591	Down					0	0	0	0					0	0	0	0
mmu-miR-34a-5p	499.472598453741	0.937872592277444	0.221937813701714	4.22583505097491	2.38056328318297e-05	0.0177351964597131	1.91570124898439	1.91570124898439	Up					0	0	0	0					0	0	0	0
